time,pelvis_tilt,pelvis_list,pelvis_rotation,pelvis_tx,pelvis_ty,pelvis_tz,hip_flexion_r,hip_adduction_r,hip_rotation_r,knee_angle_r,ankle_angle_r,subtalar_angle_r,hip_flexion_l,hip_adduction_l,hip_rotation_l,knee_angle_l,ankle_angle_l,subtalar_angle_l
0,0.107157,-0.0458864,-0.0609923,0.613616,1.01789,0.0371513,-0.406518,0.0284997,0.116365,0.297602,-0.0754079,-0.0510859,-0.124852,-0.0522616,0.215229,-0.0576761,0.0335538,-0.0673529
0.01,0.110987,-0.0441835,-0.0645655,0.614089,1.01802,0.0359548,-0.41445,0.0230802,0.110724,0.293489,-0.0715263,-0.0486906,-0.139031,-0.0693521,0.205227,-0.0767381,0.0320008,-0.0666615
0.02,0.113134,-0.0404847,-0.0597121,0.615005,1.01787,0.0341731,-0.422549,0.0187919,0.111491,0.291985,-0.0627582,-0.0476374,-0.152357,-0.0869231,0.199726,-0.0958994,0.0341034,-0.0672236
0.03,0.11372,-0.036811,-0.0619933,0.61619,1.01775,0.0324426,-0.42924,0.0109189,0.108362,0.290496,-0.0562833,-0.0436687,-0.165378,-0.105315,0.195711,-0.11417,0.0341668,-0.0666852
0.04,0.106833,-0.0381772,-0.0620175,0.618167,1.01684,0.03086,-0.433403,0.0104955,0.108485,0.288002,-0.0545084,-0.0436,-0.168263,-0.10766,0.19506,-0.11542,0.0344163,-0.0666304
0.05,0.113458,-0.0305698,-0.0613023,0.618726,1.01785,0.0292656,-0.437821,0.000737876,0.11276,0.286832,-0.0441722,-0.03925,-0.194031,-0.136185,0.177508,-0.141002,0.0401016,-0.0650937
0.06,0.118049,-0.0242128,-0.0623921,0.620133,1.01847,0.0278737,-0.440438,-0.00761455,0.106442,0.284628,-0.0356577,-0.0413485,-0.221553,-0.162036,0.168398,-0.153147,0.0405426,-0.0711932
0.07,0.12017,-0.0184477,-0.0590925,0.622101,1.01914,0.0260897,-0.440912,-0.0134254,0.104946,0.280374,-0.026362,-0.0392597,-0.249422,-0.181172,0.157097,-0.156429,0.0449953,-0.0752733
0.08,0.123803,-0.0143398,-0.0607556,0.624091,1.02029,0.0243659,-0.438789,-0.0206822,0.097781,0.273364,-0.0201078,-0.0335691,-0.283648,-0.20128,0.140871,-0.158817,0.0479687,-0.0783792
0.09,0.126761,-0.0100541,-0.0534479,0.626068,1.02137,0.0222246,-0.435216,-0.0229928,0.0937147,0.265545,-0.0119164,-0.0326857,-0.319533,-0.216872,0.124098,-0.15539,0.0537174,-0.0838621
0.1,0.13335,-0.00786033,-0.0619294,0.627797,1.02301,0.020864,-0.428051,-0.0323292,0.0808343,0.254428,-0.00929368,-0.0242907,-0.363449,-0.236663,0.102644,-0.152527,0.0562556,-0.0855393
0.11,0.137653,0.00119801,-0.0507077,0.62866,1.02205,0.0180296,-0.395785,-0.0421928,0.0389179,0.253833,0.00644403,-0.0170178,-0.464712,-0.268013,0.129168,-0.123496,0.0880748,-0.104446
0.12,0.132137,0.00540947,-0.0505442,0.630175,1.02349,0.0157792,-0.368247,-0.0555194,0.0118403,0.250529,0.0128164,-0.018154,-0.516949,-0.27663,0.0831255,-0.121396,0.121538,-0.110332
0.13,0.137659,0.00868564,-0.0456774,0.631644,1.02569,0.0135764,-0.356964,-0.0598994,0.0118983,0.236238,0.0193984,-0.0105261,-0.560458,-0.287201,0.0425864,-0.121916,0.131121,-0.10622
0.14,0.14604,0.0061275,-0.0478976,0.632556,1.02767,0.0115277,-0.336175,-0.0671627,-0.00893131,0.215159,0.019256,-0.0100949,-0.623011,-0.291127,-0.00647163,-0.109794,0.129959,-0.108131
0.15,0.151273,0.00768092,-0.0414351,0.633308,1.02925,0.00916906,-0.315038,-0.0722763,-0.0229883,0.197829,0.0243618,-0.0107904,-0.679647,-0.292379,-0.0466807,-0.0990508,0.129656,-0.108839
0.16,0.156325,0.00713584,-0.0437874,0.634161,1.0311,0.00719088,-0.290658,-0.0832529,-0.0436082,0.179422,0.0262929,-0.00668231,-0.736763,-0.293579,-0.0871256,-0.0891013,0.122551,-0.106564
0.17,0.15526,0.0143036,-0.0444346,0.63451,1.03238,0.0052721,-0.257206,-0.10152,-0.0669242,0.165657,0.0363634,-0.00524388,-0.795898,-0.290121,-0.125051,-0.0764383,0.107694,-0.10351
0.18,0.156223,0.0185266,-0.0444629,0.634182,1.03383,0.00300318,-0.22494,-0.115333,-0.0812833,0.150068,0.0437223,-0.00676497,-0.853789,-0.286163,-0.153067,-0.068609,0.0925883,-0.102101
0.19,0.154947,0.0238101,-0.0459945,0.633807,1.03519,0.000944786,-0.191141,-0.129993,-0.0926162,0.135964,0.0518506,-0.00826844,-0.906987,-0.279527,-0.169969,-0.0603557,0.0702184,-0.100684
0.2,0.153461,0.0277785,-0.0455879,0.63347,1.03655,-0.000555232,-0.159764,-0.139594,-0.100669,0.122966,0.0578044,-0.00830784,-0.954255,-0.27343,-0.174137,-0.0541798,0.0450162,-0.0990159
0.21,0.139092,0.0431681,-0.0419362,0.633071,1.03683,-0.00312585,-0.114087,-0.151821,-0.0939352,0.121522,0.0770341,-0.0110154,-1.00148,-0.260715,-0.164434,-0.0476554,-0.00518575,-0.0971903
0.22,0.144868,0.0350339,-0.0381348,0.632186,1.03915,-0.0051258,-0.0930876,-0.148675,-0.101883,0.103928,0.0709036,-0.0114361,-1.03538,-0.262481,-0.163229,-0.0476491,-0.0129176,-0.098029
0.23,0.147483,0.0281873,-0.0349156,0.632004,1.04119,-0.00686661,-0.0681903,-0.146528,-0.112253,0.0850838,0.0658224,-0.00867903,-1.07022,-0.257616,-0.150111,-0.0397099,-0.0292715,-0.0975943
0.24,0.148672,0.024917,-0.0304424,0.631101,1.0428,-0.00821551,-0.0420588,-0.143715,-0.118339,0.0676936,0.0642214,-0.00359177,-1.10204,-0.249895,-0.129885,-0.0302948,-0.0501215,-0.0953359
0.25,0.148839,0.0233793,-0.0275474,0.629827,1.04423,-0.0093906,-0.0156282,-0.141293,-0.120157,0.0521458,0.0641341,0.00215449,-1.12875,-0.241613,-0.108487,-0.0222954,-0.0718776,-0.0922599
0.26,0.146954,0.021913,-0.0217676,0.629016,1.04538,-0.0112814,0.00945673,-0.137849,-0.120904,0.0387914,0.0643344,0.00578669,-1.147,-0.233304,-0.0914768,-0.0152653,-0.0893625,-0.0901697
0.27,0.145874,0.0187942,-0.0170829,0.628062,1.04656,-0.0129178,0.0356944,-0.133665,-0.122864,0.0246512,0.0624794,0.0105302,-1.16324,-0.226064,-0.0775658,-0.00940551,-0.103056,-0.087444
0.28,0.144168,0.0168415,-0.00982531,0.626772,1.04783,-0.0142357,0.0629674,-0.127413,-0.122662,0.010563,0.0610822,0.0152683,-1.17541,-0.217339,-0.0647884,-0.00246666,-0.114341,-0.0844867
0.29,0.146996,0.0163911,-0.0067831,0.625712,1.04988,-0.015962,0.0786148,-0.126426,-0.123569,-0.00150663,0.0622814,0.0155054,-1.16947,-0.221934,-0.0624342,-0.00248533,-0.114958,-0.0840572
0.3,0.143959,0.0118338,-0.000334838,0.62407,1.04972,-0.0167513,0.109762,-0.117362,-0.123078,-0.0174392,0.0571723,0.0231133,-1.18456,-0.20464,-0.048711,0.0103591,-0.120218,-0.0795809
0.31,0.135091,0.0100875,-4.613e-06,0.6226,1.0501,-0.0172766,0.139157,-0.109664,-0.113855,-0.0269934,0.0550665,0.0310124,-1.17687,-0.186874,-0.0371413,0.0169539,-0.119474,-0.0728666
0.32,0.139596,0.0101171,0.00398924,0.620493,1.05109,-0.0185499,0.156529,-0.108318,-0.114472,-0.0394108,0.0561085,0.0306222,-1.16922,-0.191787,-0.0351339,0.016599,-0.119043,-0.0727014
0.33,0.128616,0.00315325,0.0078199,0.61929,1.05097,-0.0194299,0.188498,-0.0959226,-0.107611,-0.0511292,0.0482805,0.03787,-1.15592,-0.167954,-0.0242879,0.0275326,-0.101994,-0.0653415
0.34,0.133508,0.0035622,0.0122437,0.616915,1.05132,-0.0204706,0.206295,-0.0949764,-0.108037,-0.0636564,0.0489633,0.0373453,-1.14618,-0.172981,-0.0219973,0.0272351,-0.101118,-0.0652224
0.35,0.119765,-0.00453012,0.0116808,0.615577,1.05117,-0.021,0.234059,-0.0834091,-0.100568,-0.0714919,0.0396209,0.0414009,-1.11807,-0.148291,-0.00609854,0.0319296,-0.0675719,-0.0563295
0.36,0.120178,-0.00216166,0.0186601,0.613302,1.05124,-0.0220041,0.249583,-0.0837464,-0.0988899,-0.0815664,0.042065,0.0377082,-1.09474,-0.147203,-0.00169219,0.035428,-0.0616863,-0.0568459
0.37,0.118246,-0.00089223,0.0166113,0.611825,1.05122,-0.0227691,0.265068,-0.0849336,-0.0961716,-0.0926818,0.0441522,0.0385675,-1.06238,-0.143701,0.00473029,0.0411783,-0.0542679,-0.0545328
0.38,0.115731,0.000468502,0.0161427,0.610183,1.05098,-0.0239843,0.280273,-0.0856645,-0.0913374,-0.104438,0.0465518,0.0377685,-1.02516,-0.137721,0.0115289,0.0483006,-0.0451328,-0.0527798
0.39,0.113908,0.0020873,0.0128011,0.608126,1.05034,-0.0248292,0.294612,-0.087757,-0.0882159,-0.115775,0.0493406,0.0372825,-0.987671,-0.132334,0.0180242,0.054373,-0.0386418,-0.0508014
0.4,0.111242,0.00492354,0.0126389,0.60615,1.04949,-0.0255937,0.307255,-0.0906346,-0.0854134,-0.126453,0.0528871,0.0356259,-0.947857,-0.126047,0.0237471,0.060582,-0.0338403,-0.0492812
0.41,0.108528,0.00784855,0.0102718,0.604461,1.04855,-0.0263042,0.318631,-0.0948398,-0.0854536,-0.137159,0.0570339,0.0349079,-0.905075,-0.119887,0.0284791,0.0658317,-0.0315446,-0.0470376
0.42,0.104933,0.0122673,0.0094406,0.602843,1.04745,-0.026852,0.328634,-0.100507,-0.0868904,-0.148043,0.0624016,0.0330815,-0.855624,-0.112211,0.0322987,0.0721846,-0.0312701,-0.0452049
0.43,0.101401,0.0177567,0.0061464,0.601324,1.04602,-0.0267901,0.33816,-0.106873,-0.090313,-0.159691,0.0687067,0.0317315,-0.802439,-0.104531,0.0350127,0.0781261,-0.0332732,-0.0427332
0.44,0.0973625,0.0244802,0.00733164,0.599941,1.04462,-0.0269619,0.344134,-0.113914,-0.0931779,-0.171023,0.075552,0.0293393,-0.744937,-0.0951708,0.0353044,0.0841571,-0.0364563,-0.0403619
0.45,0.106511,0.0071294,0.0161048,0.599002,1.04571,-0.0266818,0.32042,-0.0932853,-0.108751,-0.208487,0.0524146,0.0223864,-0.659879,-0.0566371,0.00266672,0.0631327,-0.0648038,-0.021328
0.46,0.104737,0.0196111,0.0142026,0.597642,1.04366,-0.026711,0.325103,-0.10463,-0.103301,-0.219925,0.0656726,0.022385,-0.607983,-0.052456,0.0082222,0.0744327,-0.069879,-0.019471
0.47,0.104146,0.0305187,0.0138626,0.595874,1.04243,-0.0266389,0.322477,-0.113341,-0.101122,-0.230619,0.0768495,0.025164,-0.539716,-0.0506592,-0.000862656,0.0740001,-0.0759431,-0.0130122
0.48,0.100319,0.0375796,0.0103613,0.595278,1.03961,-0.0261749,0.333566,-0.119583,-0.109332,-0.243072,0.0848074,0.0238539,-0.495283,-0.0443016,0.00923002,0.0876248,-0.0837227,-0.0132792
0.49,0.0929078,0.0472449,0.0178247,0.594737,1.03714,-0.0261071,0.335216,-0.127918,-0.106765,-0.252259,0.0924946,0.0246796,-0.430894,-0.0350653,0.0153467,0.0992761,-0.084124,-0.0109844
0.5,0.0933895,0.0471034,0.0188765,0.593527,1.03711,-0.0254426,0.310432,-0.123729,-0.108547,-0.263304,0.0897353,0.0278325,-0.324668,-0.0333157,-0.0238835,0.0844176,-0.0800344,4.33989e-05
0.51,0.0898659,0.0513778,0.0174849,0.592997,1.03414,-0.0246389,0.320318,-0.124965,-0.111313,-0.27553,0.0937438,0.0258222,-0.288826,-0.0263006,-0.00744273,0.0995047,-0.0856356,-0.00088329
0.52,0.0836628,0.0569905,0.0234839,0.59249,1.03133,-0.024727,0.321892,-0.129595,-0.0983351,-0.285208,0.0970953,0.0294084,-0.233961,-0.0191732,0.00697777,0.111047,-0.0800917,0.00265332
0.53,0.088347,0.0657652,0.0231891,0.591458,1.03027,-0.0241843,0.293358,-0.135298,-0.0929066,-0.301603,0.10416,0.0331902,-0.133969,-0.0204605,-0.0260082,0.106313,-0.0673248,0.0124317
0.54,0.0835157,0.0673783,0.0266684,0.591294,1.02722,-0.0238491,0.300697,-0.135687,-0.0896792,-0.311732,0.103995,0.0322509,-0.102053,-0.0157214,-0.00582272,0.117964,-0.0689555,0.0120383
0.55,0.0793867,0.0699831,0.0257349,0.591156,1.0246,-0.023177,0.302513,-0.136518,-0.0752498,-0.320905,0.105117,0.0379573,-0.064125,-0.013193,0.00820594,0.125862,-0.061407,0.0165669
0.56,0.077173,0.0747202,0.0268747,0.59086,1.02225,-0.0227975,0.300947,-0.141292,-0.0609992,-0.3318,0.108291,0.0377066,-0.0282242,-0.0112066,0.0145707,0.134146,-0.052739,0.018111
0.57,0.0776679,0.0751507,0.0290184,0.589382,1.02039,-0.0227443,0.310264,-0.140945,-0.0607105,-0.341091,0.107557,0.0377309,-0.0230247,-0.0158283,0.015114,0.133582,-0.0526212,0.018245
0.58,0.073603,0.0800663,0.0331149,0.588979,1.01785,-0.0221274,0.306368,-0.14634,-0.0470327,-0.349879,0.108296,0.0463312,0.00955017,-0.015996,0.0247356,0.143992,-0.0444047,0.0241293
0.59,0.0715683,0.0810585,0.0343953,0.588819,1.01601,-0.0215671,0.311811,-0.146181,-0.0468843,-0.357974,0.10736,0.0464542,0.0125964,-0.0201495,0.0245728,0.143619,-0.0442656,0.0242988
0.6,0.0682924,0.0826527,0.0353384,0.589522,1.01443,-0.0204458,0.315087,-0.1456,-0.0465004,-0.365149,0.106313,0.0467043,0.0143237,-0.0238357,0.0240998,0.143458,-0.0439653,0.0245054
0.61,0.0644651,0.0844023,0.0362709,0.590289,1.01265,-0.0191743,0.316994,-0.144784,-0.0459007,-0.371733,0.105163,0.0471001,0.0148155,-0.0272904,0.0230325,0.143428,-0.0435017,0.0247712
0.62,0.07039,0.0841144,0.0424466,0.590339,1.01228,-0.0180894,0.314281,-0.145841,-0.0378532,-0.384781,0.0983676,0.0562677,-0.00167174,-0.0379245,-0.000998357,0.148623,-0.0373851,0.0300806
0.63,0.077191,0.0845695,0.0431894,0.590873,1.01183,-0.0163359,0.31093,-0.142608,-0.0411417,-0.397682,0.0944809,0.0652655,-0.021415,-0.0526748,-0.0204613,0.153204,-0.0407415,0.0355526
0.64,0.0802845,0.0837075,0.0528138,0.591796,1.01141,-0.0148479,0.307032,-0.141627,-0.0415733,-0.407028,0.0861553,0.0682066,-0.0408227,-0.065681,-0.0348889,0.156392,-0.0439374,0.0376966
0.65,0.0859453,0.0807024,0.0532806,0.592809,1.01132,-0.0127747,0.305326,-0.134736,-0.0466531,-0.415753,0.0785176,0.0775496,-0.0666448,-0.0839121,-0.0526657,0.156521,-0.0508029,0.0443755
0.66,0.0872663,0.0784775,0.0639558,0.594175,1.01124,-0.0115816,0.302654,-0.132852,-0.0464099,-0.421711,0.0689282,0.0789262,-0.088844,-0.0981898,-0.0663611,0.157343,-0.0545803,0.0463569
0.67,0.0910207,0.0750493,0.0602639,0.595533,1.01153,-0.00941952,0.301924,-0.124563,-0.0502914,-0.427048,0.0636094,0.0879785,-0.114444,-0.119228,-0.0814342,0.151363,-0.0605366,0.0534941
0.68,0.0941589,0.0722936,0.0708384,0.596644,1.0123,-0.00795591,0.299543,-0.122355,-0.0469835,-0.430986,0.0529631,0.0879322,-0.14333,-0.140728,-0.0958644,0.145711,-0.0634138,0.0551311
0.69,0.104911,0.0649845,0.0757235,0.598122,1.01359,-0.00601607,0.300459,-0.111671,-0.0494962,-0.430752,0.0398919,0.0891599,-0.194254,-0.186881,-0.0998019,0.138968,-0.0810702,0.0613799
0.7,0.105076,0.0605228,0.0697618,0.600532,1.01432,-0.00411847,0.298446,-0.102875,-0.0481566,-0.430161,0.0363424,0.0960338,-0.214151,-0.211765,-0.0977676,0.130276,-0.0869029,0.0694162
0.71,0.113897,0.0558631,0.0835594,0.602061,1.01446,-0.00318606,0.302384,-0.0973114,-0.0440812,-0.411756,0.0225895,0.077266,-0.275512,-0.291892,-0.0734276,0.149113,-0.118155,0.0871439
0.72,0.113523,0.0524225,0.077485,0.60407,1.01585,-0.000908073,0.297268,-0.0898914,-0.0365188,-0.408157,0.0193539,0.0861272,-0.287764,-0.316251,-0.0820616,0.126227,-0.11305,0.0983788
0.73,0.120098,0.0517196,0.0798117,0.605712,1.01794,0.00104732,0.285508,-0.0868658,-0.0315875,-0.397489,0.0142729,0.0809959,-0.307268,-0.366451,-0.0845745,0.0868463,-0.112311,0.103927
0.74,0.118838,0.0505652,0.0845651,0.606334,1.01728,0.00279688,0.28527,-0.0844813,-0.0411675,-0.350536,0.00524714,0.0465459,-0.33369,-0.477134,-0.0604018,0.100596,-0.12286,0.131998
0.75,0.121967,0.0454917,0.0776301,0.608494,1.01906,0.00543631,0.275998,-0.0747536,-0.0354572,-0.339991,0.000632121,0.0529944,-0.345808,-0.514795,-0.0637922,0.0574777,-0.116559,0.143319
0.76,0.128641,0.0476704,0.0842242,0.60987,1.02118,0.00651898,0.257226,-0.0759386,-0.0354447,-0.31794,-0.00702988,0.0334348,-0.35417,-0.576861,-0.0520571,0.00598847,-0.116905,0.142042
0.77,0.132424,0.0465407,0.0868663,0.610858,1.02248,0.00854798,0.242029,-0.0721661,-0.0376222,-0.288451,-0.0172191,0.0152713,-0.361096,-0.64708,-0.0388489,-0.0355773,-0.114907,0.142888
0.78,0.13444,0.041699,0.0877551,0.611302,1.02345,0.0104649,0.228525,-0.0646779,-0.041718,-0.254066,-0.0300737,-0.00143128,-0.365729,-0.719366,-0.0255193,-0.0771193,-0.110919,0.140616
0.79,0.135915,0.0365546,0.087072,0.611408,1.02448,0.0129252,0.216002,-0.0558996,-0.0450564,-0.220344,-0.0435767,-0.0159544,-0.369204,-0.784566,-0.0130053,-0.114027,-0.106665,0.133652
0.8,0.136187,0.0301582,0.0867242,0.611624,1.02557,0.0147521,0.204344,-0.0464385,-0.0478375,-0.187105,-0.0573626,-0.0296018,-0.371104,-0.843428,-0.00021857,-0.144906,-0.102795,0.121829
0.81,0.134582,0.0235146,0.0865699,0.61192,1.02658,0.016702,0.192791,-0.0365047,-0.0510825,-0.154112,-0.0704988,-0.0401993,-0.369106,-0.896394,0.0115016,-0.168305,-0.0987524,0.105496
0.82,0.119538,0.00103436,0.0858165,0.612164,1.02695,0.0197582,0.193349,-0.010603,-0.0657545,-0.10372,-0.0959035,-0.0423148,-0.359374,-0.949906,0.0237293,-0.18191,-0.0904814,0.0663172
0.83,0.125777,0.00769025,0.0797037,0.612002,1.02944,0.0212495,0.174016,-0.0146324,-0.0647089,-0.0826566,-0.0901997,-0.0473214,-0.359693,-0.989684,0.0242269,-0.187843,-0.0892455,0.0622662
0.84,0.129981,0.0143662,0.0807805,0.611411,1.03152,0.0229522,0.153654,-0.0180732,-0.0614874,-0.0568547,-0.0900126,-0.0555498,-0.354516,-1.02886,0.0328994,-0.18807,-0.087944,0.0503087
0.85,0.131584,0.0164113,0.075892,0.611148,1.0334,0.0246216,0.135967,-0.0169928,-0.0610925,-0.0315328,-0.0882813,-0.0605556,-0.346447,-1.06161,0.043395,-0.182093,-0.0873337,0.0355557
0.86,0.132589,0.018677,0.0774413,0.610879,1.03525,0.0260066,0.118352,-0.0165932,-0.0571014,-0.00476394,-0.0888691,-0.0651374,-0.338294,-1.09106,0.0515519,-0.169771,-0.0840467,0.0171954
0.87,0.118956,0.00440735,0.0746285,0.610709,1.03634,0.0274864,0.109934,0.000341727,-0.0601558,0.0368163,-0.0885363,-0.0471123,-0.313329,-1.11665,0.0557006,-0.140492,-0.0738768,-0.0353852
0.88,0.123793,0.0109941,0.0727701,0.609613,1.03863,0.0289124,0.0912992,-0.00410716,-0.0606014,0.0609039,-0.0829513,-0.0524433,-0.311525,-1.13728,0.057733,-0.137659,-0.0740767,-0.039805
0.89,0.124568,0.0165229,0.0701187,0.608817,1.0403,0.0302849,0.072883,-0.0074002,-0.0596575,0.0868366,-0.0759087,-0.0557831,-0.300932,-1.15351,0.0664074,-0.126188,-0.0737561,-0.0463729
0.9,0.126996,0.0171456,0.0673679,0.608441,1.04286,0.0320008,0.0607896,-0.00509072,-0.0596871,0.101897,-0.0734681,-0.0570039,-0.305024,-1.14832,0.0665721,-0.12354,-0.0734002,-0.0467773
0.91,0.120736,0.0237452,0.0683515,0.607834,1.04324,0.0324879,0.0402434,-0.0103775,-0.0518373,0.13405,-0.0612025,-0.0549599,-0.275275,-1.16165,0.0801687,-0.0960118,-0.0674585,-0.053135
0.92,0.124439,0.0237317,0.0641429,0.606726,1.04524,0.0339608,0.0275382,-0.00810482,-0.0524989,0.150645,-0.0584544,-0.0558422,-0.279822,-1.15483,0.0799582,-0.0937504,-0.0673431,-0.0528884
0.93,0.116455,0.0300585,0.0617633,0.606398,1.0458,0.0346742,0.00636447,-0.0133979,-0.0490089,0.181714,-0.0434794,-0.049763,-0.245808,-1.15334,0.0904087,-0.0716738,-0.0613151,-0.0479086
0.94,0.120977,0.0296586,0.0574589,0.604695,1.04694,0.0359827,-0.0063608,-0.011154,-0.0496311,0.198936,-0.0409345,-0.050606,-0.250518,-1.14434,0.0899442,-0.0694674,-0.0611325,-0.0474067
0.95,0.116946,0.0297149,0.0456753,0.603821,1.04754,0.0375734,-0.0187251,-0.0101474,-0.0484764,0.216862,-0.0331927,-0.0473105,-0.236728,-1.12372,0.0968279,-0.0595686,-0.0590097,-0.0418817
0.96,0.121837,0.0296525,0.0439889,0.601379,1.04798,0.0383425,-0.0311344,-0.00905727,-0.0476262,0.234631,-0.0313421,-0.048635,-0.240345,-1.11335,0.0967045,-0.0565996,-0.0581235,-0.0414188
0.97,0.109546,0.0373895,0.0372879,0.601395,1.04821,0.0388185,-0.0483726,-0.0174113,-0.0394607,0.256835,-0.0168053,-0.0471958,-0.202733,-1.08011,0.101868,-0.0383647,-0.0484112,-0.0275741
0.98,0.109676,0.0364745,0.0400046,0.600714,1.04857,0.0397305,-0.0621426,-0.0145261,-0.0396638,0.272022,-0.018194,-0.0508469,-0.200831,-1.05082,0.103943,-0.0328946,-0.0473437,-0.027826
0.99,0.108679,0.0345506,0.0340799,0.599579,1.04869,0.0407449,-0.0747091,-0.011423,-0.041264,0.28527,-0.0176191,-0.0513962,-0.194269,-1.017,0.109662,-0.0269551,-0.0475398,-0.0270466
1,0.108673,0.0339045,0.0362117,0.59767,1.04855,0.0411047,-0.0871652,-0.00913807,-0.0391648,0.298196,-0.0176203,-0.0538148,-0.189313,-0.98305,0.113596,-0.0209742,-0.0458944,-0.0280133
1.01,0.106848,0.0318661,0.0310486,0.596605,1.0483,0.0419849,-0.0990536,-0.00622912,-0.0398877,0.308368,-0.0176612,-0.0547565,-0.181614,-0.942668,0.119837,-0.0154102,-0.0460083,-0.0298622
1.02,0.10567,0.0303026,0.0330991,0.595437,1.04774,0.0423298,-0.112193,-0.00282904,-0.0381756,0.319195,-0.0192064,-0.0589354,-0.17574,-0.900614,0.124487,-0.0104889,-0.0445764,-0.0344362
1.03,0.103212,0.0266273,0.0291408,0.594157,1.04705,0.0432529,-0.125115,0.00210811,-0.0395786,0.327943,-0.0224463,-0.0629801,-0.166725,-0.849823,0.13185,-0.00726814,-0.0450924,-0.0407332
1.04,0.11138,0.0503341,0.0175692,0.593551,1.04897,0.043065,-0.167292,-0.0253201,-0.0354783,0.310424,0.00564307,-0.0793523,-0.118703,-0.770603,0.108989,-0.0400985,-0.0408981,-0.0831123
1.05,0.110836,0.0426575,0.0247211,0.592341,1.04751,0.0430378,-0.179117,-0.0146569,-0.035438,0.320138,-0.00167993,-0.0812957,-0.11768,-0.730191,0.118848,-0.0330126,-0.042114,-0.0904098
1.06,0.108742,0.0316673,0.0210753,0.591032,1.04608,0.0436767,-0.189174,-0.00203569,-0.0385991,0.325822,-0.0123946,-0.0820154,-0.113058,-0.679153,0.129904,-0.0302198,-0.0446453,-0.098574
1.07,0.108009,0.0209062,0.0141111,0.589431,1.04548,0.0444654,-0.200234,0.00857456,-0.0338258,0.323351,-0.0220156,-0.082314,-0.107854,-0.610696,0.128361,-0.0435587,-0.0412153,-0.112944
1.08,0.108812,0.0236286,0.0096521,0.588363,1.04523,0.0444767,-0.218216,0.00403092,-0.022231,0.312977,-0.0156845,-0.0874799,-0.0956793,-0.527889,0.118936,-0.0744415,-0.0382869,-0.145436
1.09,0.107032,0.0184182,0.0153933,0.58769,1.04262,0.044151,-0.232204,0.0117229,-0.0245946,0.326518,-0.0198813,-0.0956338,-0.0904477,-0.494406,0.133299,-0.0665893,-0.0419733,-0.15564
1.1,0.10251,0.00920777,0.0115155,0.587135,1.04027,0.0447357,-0.243103,0.0216962,-0.0243657,0.332091,-0.0282461,-0.0963055,-0.0818512,-0.443592,0.145482,-0.0629852,-0.0428649,-0.16193
1.11,0.0989623,0.00083229,0.00448776,0.585951,1.03919,0.0450235,-0.252781,0.0280818,-0.0153045,0.3246,-0.0342814,-0.0897639,-0.0741445,-0.366824,0.142394,-0.077462,-0.0369262,-0.165163
1.12,0.098791,-0.00181865,0.0105437,0.585217,1.03695,0.0447552,-0.265913,0.0325786,-0.0116235,0.33579,-0.0336683,-0.0943544,-0.073857,-0.335742,0.147224,-0.0739239,-0.035887,-0.169935
1.13,0.0981834,-0.00584113,-0.00443382,0.584024,1.03594,0.0454308,-0.279222,0.0320619,0.000700507,0.31405,-0.0368828,-0.0846327,-0.0668146,-0.237208,0.143111,-0.100909,-0.0331036,-0.168971
1.14,0.0956101,-0.00964762,-0.00254804,0.583518,1.0333,0.0446854,-0.291763,0.0361046,0.00212268,0.323795,-0.0369915,-0.0854357,-0.0620323,-0.205333,0.156267,-0.0876031,-0.035161,-0.173176
1.15,0.0916879,-0.0132775,-0.0116857,0.583377,1.03118,0.044795,-0.30139,0.0369842,0.00814157,0.324286,-0.0400784,-0.0682033,-0.0575361,-0.161308,0.164906,-0.0758283,-0.0339457,-0.165514
1.16,0.0909899,-0.0189743,-0.0126404,0.583192,1.02934,0.0445568,-0.314273,0.0416756,0.0152192,0.314874,-0.0436222,-0.0539754,-0.0545199,-0.103731,0.168678,-0.075187,-0.0321945,-0.155334
1.17,0.0907565,-0.0213775,-0.0138142,0.583035,1.02726,0.0446052,-0.327559,0.0434943,0.0200241,0.313377,-0.0441463,-0.0484483,-0.0533116,-0.0673658,0.173154,-0.0694844,-0.0313935,-0.151215
1.18,0.0916861,-0.0225141,-0.0170139,0.581918,1.02575,0.0440923,-0.337826,0.0430009,0.019874,0.324026,-0.0432549,-0.0478371,-0.0582028,-0.0613243,0.172591,-0.0688202,-0.031415,-0.150867
1.19,0.0890464,-0.0254886,-0.0236752,0.582892,1.02354,0.0440283,-0.350665,0.0419369,0.0311458,0.311404,-0.0467641,-0.0301651,-0.0547942,-0.0136649,0.181467,-0.0558722,-0.0271842,-0.137339
1.2,0.088047,-0.0266404,-0.0261458,0.582361,1.02199,0.0436599,-0.358902,0.0416446,0.0309075,0.318071,-0.0458683,-0.0297414,-0.0586865,-0.00989977,0.181066,-0.0557378,-0.0272609,-0.137011
1.21,0.0860232,-0.0278926,-0.0284464,0.582099,1.02055,0.0432047,-0.366508,0.0410338,0.0307933,0.322999,-0.0451608,-0.02894,-0.0622326,-0.00685792,0.18088,-0.0556242,-0.0273112,-0.136452
1.22,0.08303,-0.0292387,-0.0308313,0.582088,1.01912,0.042754,-0.373682,0.0403749,0.0308808,0.326317,-0.0442799,-0.0277394,-0.0656391,-0.00483577,0.180802,-0.0557884,-0.0272685,-0.135638
1.23,0.0834774,-0.029115,-0.0416619,0.582409,1.01804,0.042176,-0.383815,0.0337539,0.0351207,0.322807,-0.0459785,-0.0143445,-0.0703646,-0.00589447,0.184013,-0.0615617,-0.0256202,-0.126695
1.24,0.0784169,-0.0303456,-0.0428292,0.583498,1.01641,0.0415461,-0.390067,0.0337783,0.0357296,0.323127,-0.0444212,-0.0138251,-0.0736995,-0.00609658,0.183707,-0.062232,-0.0252193,-0.126269
1.25,0.0852425,-0.0285791,-0.0495795,0.584235,1.01644,0.0403385,-0.402754,0.0254924,0.0475052,0.316852,-0.0420902,-0.00323743,-0.0863855,-0.0223997,0.182358,-0.0795158,-0.0185633,-0.118536
1.26,0.0928062,-0.0262134,-0.0484931,0.58567,1.01632,0.0392706,-0.416536,0.0210501,0.0552535,0.309893,-0.0358178,-0.00290839,-0.101239,-0.0408051,0.183932,-0.0936346,-0.0142405,-0.118121
1.27,0.0967488,-0.02476,-0.0545267,0.587052,1.01617,0.0385009,-0.426562,0.0147926,0.0547595,0.304075,-0.0334379,9.94988e-05,-0.114818,-0.0582853,0.184473,-0.105936,-0.0142303,-0.116808
1.28,0.103003,-0.0227615,-0.0508752,0.588044,1.01621,0.0375054,-0.435743,0.0125239,0.0594974,0.298636,-0.0273467,-0.000556489,-0.136045,-0.0804267,0.179975,-0.121628,-0.00974474,-0.117632
1.29,0.106969,-0.0218887,-0.0573339,0.589336,1.01633,0.0367778,-0.44241,0.00681083,0.0573708,0.293858,-0.0259073,0.00144877,-0.155651,-0.101552,0.176966,-0.134722,-0.00864537,-0.117742
1.3,0.110549,-0.0190163,-0.0545311,0.591199,1.01677,0.0354709,-0.44691,0.00305066,0.0602329,0.289751,-0.0192142,0.000394271,-0.178631,-0.122056,0.16801,-0.145343,-0.00315698,-0.119526
1.31,0.114942,-0.016816,-0.0608082,0.593087,1.01768,0.0345599,-0.449563,-0.0043827,0.0568484,0.284312,-0.016339,0.00222438,-0.204637,-0.144481,0.158237,-0.155389,-0.000639413,-0.120127
1.32,0.127501,-0.00970878,-0.0597659,0.594875,1.01809,0.0333224,-0.440269,-0.0131606,0.0399386,0.278703,-0.00430019,-0.00659739,-0.278874,-0.185701,0.176744,-0.143333,0.0132137,-0.136686
1.33,0.127502,-0.00646004,-0.0598228,0.597263,1.01929,0.0317801,-0.438345,-0.0197637,0.0456771,0.273199,0.000977943,0.0016041,-0.304224,-0.20029,0.152622,-0.153026,0.025149,-0.130923
1.34,0.132898,-0.00556439,-0.0582334,0.599463,1.02102,0.0302466,-0.432609,-0.0234482,0.0386588,0.262845,0.00441513,0.00125747,-0.346004,-0.217209,0.121903,-0.156482,0.0325447,-0.131852
1.35,0.141158,-0.00496284,-0.057203,0.601494,1.02285,0.0287215,-0.423348,-0.0276597,0.0264007,0.24927,0.00769922,0.00217819,-0.398782,-0.233848,0.0917267,-0.154255,0.0386204,-0.133225
1.36,0.149133,-0.0033726,-0.052566,0.603351,1.02448,0.0270564,-0.410596,-0.0316532,0.0133234,0.234607,0.0123065,0.00343129,-0.456765,-0.247735,0.0627264,-0.147675,0.0456133,-0.134331
1.37,0.158254,-0.00264884,-0.0512172,0.605088,1.02613,0.0249048,-0.392668,-0.0392939,-0.00407845,0.217426,0.0159954,0.00690549,-0.523611,-0.260949,0.0261248,-0.13949,0.052044,-0.13365
1.38,0.144828,0.0208956,-0.0519134,0.605879,1.02414,0.0221072,-0.3279,-0.0811387,-0.0571998,0.227687,0.0432573,-0.000921856,-0.642003,-0.278554,0.0366641,-0.113946,0.0900935,-0.133242
1.39,0.152391,0.01888,-0.0544244,0.607029,1.02621,0.0203299,-0.3075,-0.0909517,-0.0660128,0.211854,0.0431393,0.00349401,-0.697817,-0.290011,-0.0225153,-0.115105,0.103919,-0.129648
1.4,0.157397,0.0189449,-0.0520143,0.607908,1.02773,0.0182969,-0.283131,-0.10142,-0.0817191,0.195309,0.0458798,0.00369782,-0.755912,-0.293557,-0.0695775,-0.10382,0.105527,-0.129215
1.41,0.160742,0.0215287,-0.0502092,0.608713,1.02913,0.0160882,-0.256749,-0.114543,-0.0952886,0.179698,0.0515887,0.00514231,-0.811532,-0.295448,-0.111604,-0.0923229,0.101316,-0.12707
1.42,0.16426,0.0244106,-0.0484965,0.609259,1.03083,0.0143859,-0.228971,-0.12638,-0.105588,0.162547,0.0568545,0.00636189,-0.866011,-0.295398,-0.146122,-0.0815697,0.0928286,-0.124687
1.43,0.167186,0.0279337,-0.0485861,0.609155,1.03231,0.0124235,-0.197614,-0.139269,-0.111985,0.145048,0.0634232,0.00695904,-0.921708,-0.29301,-0.172112,-0.07021,0.0788998,-0.122092
1.44,0.155148,0.0497786,-0.0525504,0.608901,1.03268,0.0102733,-0.146475,-0.164541,-0.0999518,0.141429,0.0880979,-0.00415713,-0.979214,-0.281968,-0.182802,-0.0588947,0.0403596,-0.119687
1.45,0.161579,0.0428917,-0.0457732,0.608392,1.035,0.00804339,-0.127255,-0.160927,-0.102832,0.123755,0.083662,-0.00460345,-1.01451,-0.28396,-0.186204,-0.0592552,0.0378389,-0.11975
1.46,0.16573,0.0363478,-0.0433788,0.608432,1.0372,0.00633908,-0.103798,-0.159631,-0.107717,0.104815,0.0791483,-0.00101313,-1.05031,-0.280687,-0.181965,-0.0523977,0.0294177,-0.118255
1.47,0.167606,0.0324229,-0.0368541,0.608419,1.03935,0.00471759,-0.078313,-0.156311,-0.110355,0.086044,0.0769789,0.0029088,-1.08318,-0.273761,-0.169593,-0.0426244,0.0181259,-0.116126
1.48,0.170074,0.027858,-0.0342528,0.607662,1.04139,0.00317612,-0.0501497,-0.153733,-0.11138,0.0665768,0.07415,0.00914955,-1.11517,-0.265913,-0.150487,-0.0339593,0.00473789,-0.112239
1.49,0.157676,0.0341519,-0.0318407,0.60722,1.0425,0.0019821,-0.010739,-0.148773,-0.0929244,0.0569711,0.0815353,0.0157933,-1.13848,-0.243943,-0.111266,-0.0246205,-0.0260077,-0.103601
1.5,0.161878,0.0292283,-0.0268467,0.606257,1.04439,0.000483489,0.0122641,-0.144692,-0.096075,0.0411976,0.0779575,0.0161442,-1.15825,-0.244043,-0.104725,-0.0233214,-0.030421,-0.103105
1.51,0.156647,0.0248524,-0.0249085,0.605457,1.0454,-0.000801842,0.0427108,-0.138729,-0.0950145,0.0281295,0.0743663,0.0241653,-1.17215,-0.230167,-0.0788825,-0.0132672,-0.0413691,-0.0979693
1.52,0.15867,0.0232653,-0.0133921,0.604566,1.04702,-0.00242003,0.0644187,-0.132136,-0.0950476,0.0134351,0.073795,0.0240877,-1.17999,-0.228389,-0.0710852,-0.0102331,-0.0426657,-0.0974691
1.53,0.156388,0.017318,-0.0113681,0.603476,1.04791,-0.00367346,0.0941964,-0.125611,-0.0963474,-0.00342804,0.0683094,0.0331591,-1.1888,-0.214644,-0.049902,0.000128556,-0.047674,-0.092321
1.54,0.160197,0.017367,-0.00714941,0.601992,1.04961,-0.00520212,0.111429,-0.124179,-0.0969701,-0.0162194,0.0697644,0.0330382,-1.1811,-0.219353,-0.0470541,0.000241883,-0.0476662,-0.0920235
1.55,0.154184,0.0161478,0.00441417,0.601011,1.04946,-0.00632714,0.139184,-0.115304,-0.0932804,-0.0304288,0.067944,0.0381554,-1.18079,-0.200753,-0.0283019,0.0152967,-0.0468268,-0.0886103
1.56,0.145486,0.0121515,0.00631581,0.600226,1.0499,-0.0072724,0.166972,-0.109389,-0.0925237,-0.041467,0.0636222,0.0478249,-1.16785,-0.181932,-0.0130239,0.01897,-0.0426591,-0.0800242
1.57,0.150278,0.0122805,0.010162,0.598606,1.05052,-0.00831536,0.185131,-0.108721,-0.0935132,-0.0547174,0.0645368,0.0476855,-1.15824,-0.187274,-0.0107242,0.0187517,-0.0425129,-0.0797648
1.58,0.139732,0.00708609,0.0153532,0.597765,1.0504,-0.00925386,0.213088,-0.102396,-0.0975218,-0.0680857,0.0576984,0.0576116,-1.13438,-0.162129,0.000117307,0.029373,-0.0325394,-0.0711372
1.59,0.139196,0.00895136,0.0202408,0.596708,1.05066,-0.0103382,0.229612,-0.102759,-0.0975096,-0.0797854,0.0602384,0.0563824,-1.10839,-0.160376,0.00416198,0.0336727,-0.0304793,-0.0709252
1.6,0.137661,0.00977878,0.0209262,0.595662,1.05069,-0.0110897,0.246189,-0.103124,-0.0978405,-0.0915802,0.0614986,0.0583109,-1.08013,-0.155361,0.00894853,0.0401675,-0.0282268,-0.0689191
1.61,0.135716,0.0112276,0.0243674,0.593945,1.05037,-0.0118726,0.262427,-0.103428,-0.0976418,-0.103084,0.0627875,0.0604377,-1.04904,-0.148654,0.0135489,0.047122,-0.0257605,-0.0666351
1.62,0.1333,0.0128217,0.0248607,0.592266,1.04966,-0.0125676,0.278965,-0.105026,-0.0992646,-0.114836,0.0643777,0.0633851,-1.01345,-0.142249,0.0186652,0.0540155,-0.0246678,-0.0638341
1.63,0.129559,0.0148862,0.0264258,0.591142,1.04855,-0.0131606,0.295062,-0.10716,-0.101162,-0.126502,0.0665527,0.0648947,-0.972828,-0.135125,0.024052,0.06233,-0.0244996,-0.0618127
1.64,0.125822,0.0173909,0.025524,0.589727,1.04731,-0.0136793,0.30979,-0.110117,-0.103716,-0.137342,0.0695044,0.0662396,-0.929572,-0.128003,0.0288885,0.070104,-0.0257231,-0.0596026
1.65,0.121643,0.0210546,0.0255074,0.588229,1.04605,-0.0141878,0.322201,-0.113918,-0.106249,-0.147421,0.0734378,0.066226,-0.88303,-0.120081,0.0326279,0.077745,-0.0282397,-0.0577983
1.66,0.117166,0.0250136,0.0242722,0.587162,1.04468,-0.01442,0.332936,-0.118,-0.110613,-0.157799,0.077575,0.0661141,-0.833065,-0.111913,0.0354262,0.0848702,-0.0324429,-0.0556017
1.67,0.112506,0.0296919,0.0238927,0.586095,1.04303,-0.0146753,0.34245,-0.122584,-0.115662,-0.168827,0.0822771,0.0654378,-0.777826,-0.103191,0.03701,0.0926087,-0.0378814,-0.0532785
1.68,0.109007,0.0207486,0.0310946,0.584683,1.04294,-0.0148958,0.33726,-0.110401,-0.124215,-0.183698,0.0690384,0.0668362,-0.691411,-0.0849253,0.00925832,0.0782637,-0.0529924,-0.0377336
1.69,0.106028,0.0271981,0.0246281,0.584021,1.03978,-0.0147698,0.350342,-0.11651,-0.132165,-0.197594,0.0768577,0.0626782,-0.648298,-0.0772785,0.0196607,0.0958397,-0.0630603,-0.0393567
1.7,0.100169,0.0356341,0.0264672,0.583825,1.03752,-0.0151228,0.355574,-0.122979,-0.131308,-0.208498,0.0853512,0.0605626,-0.589334,-0.0683074,0.0252883,0.110449,-0.0683606,-0.0380478
1.71,0.102848,0.0325983,0.0281267,0.582424,1.03757,-0.0149988,0.335867,-0.113425,-0.128264,-0.222498,0.0797551,0.0598847,-0.492273,-0.0650133,-0.00628993,0.100561,-0.0784174,-0.0239285
1.72,0.100186,0.039312,0.0237698,0.58173,1.03441,-0.0143737,0.347772,-0.117492,-0.13323,-0.236467,0.0873108,0.0568052,-0.451501,-0.0574331,0.00732926,0.119063,-0.0864958,-0.0251866
1.73,0.0942454,0.0487972,0.0277914,0.580915,1.03137,-0.0145993,0.351237,-0.123933,-0.122283,-0.248005,0.0959202,0.0575532,-0.388149,-0.0480973,0.0190258,0.136163,-0.0846998,-0.0233546
1.74,0.0909364,0.0563182,0.0268286,0.580502,1.02941,-0.014725,0.340512,-0.127294,-0.105448,-0.258919,0.103607,0.0610562,-0.30299,-0.0444343,0.0116443,0.139047,-0.0748575,-0.0174686
1.75,0.0903344,0.0597313,0.0195541,0.580215,1.02704,-0.0140599,0.347721,-0.125968,-0.106438,-0.271156,0.108347,0.0628558,-0.264731,-0.04387,0.0174593,0.144859,-0.0759791,-0.0158764
1.76,0.085606,0.0651608,0.0210806,0.580524,1.02466,-0.0140655,0.335296,-0.128938,-0.086558,-0.282082,0.112484,0.0664613,-0.185012,-0.0371343,0.017716,0.1541,-0.0629199,-0.0121256
1.77,0.0952631,0.0679084,0.0244753,0.580713,1.02368,-0.0139317,0.302338,-0.129558,-0.0795937,-0.306683,0.112514,0.0648849,-0.0954993,-0.0355909,-0.0157,0.153714,-0.0569025,-0.00802352
1.78,0.0907166,0.0689333,0.0298547,0.580767,1.02068,-0.0136757,0.309445,-0.129171,-0.073066,-0.317883,0.110877,0.0666969,-0.0662115,-0.0309998,0.00372844,0.16485,-0.0579111,-0.00732502
1.79,0.0868534,0.0705417,0.0319192,0.581176,1.01805,-0.0130907,0.31113,-0.129792,-0.0573066,-0.32858,0.109206,0.0755659,-0.0334238,-0.0285352,0.0165421,0.173242,-0.0514856,-0.00189497
1.8,0.0870144,0.0714097,0.0343627,0.580506,1.01644,-0.012993,0.320094,-0.128891,-0.0568365,-0.337825,0.108697,0.0755752,-0.0283318,-0.0329914,0.0170856,0.172823,-0.0512752,-0.00177291
1.81,0.082764,0.0758717,0.0382322,0.581349,1.01404,-0.0125546,0.315133,-0.133763,-0.0375903,-0.348144,0.109233,0.0835688,0.00412939,-0.0306896,0.0280956,0.185167,-0.0420067,0.00365345
1.82,0.0807488,0.0772902,0.0397059,0.581426,1.01248,-0.0120291,0.320722,-0.132976,-0.0372109,-0.356516,0.108507,0.0838149,0.00731232,-0.0349127,0.0279616,0.184773,-0.0417892,0.00393633
1.83,0.0774615,0.0787607,0.0412774,0.58194,1.01077,-0.0116246,0.324571,-0.132001,-0.0364889,-0.36445,0.107753,0.0842617,0.00935119,-0.0389251,0.0274812,0.18454,-0.0413202,0.00429977
1.84,0.0804869,0.079501,0.0479078,0.58237,1.00999,-0.0108992,0.32084,-0.133479,-0.0246816,-0.376867,0.102727,0.094661,0.00505975,-0.0467337,0.0136786,0.188822,-0.0335543,0.0108212
1.85,0.0754223,0.0812434,0.0484193,0.584005,1.00846,-0.00996968,0.321246,-0.131988,-0.0244659,-0.383076,0.102284,0.095143,0.00467205,-0.0500973,0.0127713,0.188668,-0.0334013,0.0111905
1.86,0.0845166,0.0804108,0.0496899,0.584135,1.00875,-0.0086845,0.31785,-0.128594,-0.0186367,-0.396925,0.0968321,0.10554,-0.018197,-0.0649344,-0.0128952,0.189533,-0.0297852,0.0180243
1.87,0.0916862,0.0782389,0.0525506,0.58526,1.00866,-0.00796917,0.313219,-0.123922,-0.019224,-0.40983,0.0911254,0.108991,-0.0417086,-0.0809084,-0.0311188,0.191875,-0.0329318,0.0211031
1.88,0.0967343,0.0744416,0.0578179,0.587228,1.00871,-0.00708901,0.308872,-0.118053,-0.0193425,-0.420435,0.0822713,0.112051,-0.0668495,-0.0985082,-0.0471966,0.190925,-0.0369811,0.0246808
1.89,0.101217,0.0696799,0.0604388,0.589436,1.00881,-0.00590811,0.305983,-0.110227,-0.021194,-0.42897,0.0734174,0.115519,-0.0935211,-0.118028,-0.062147,0.188058,-0.0429956,0.0294303
1.9,0.104092,0.0654358,0.0663148,0.591507,1.00909,-0.0046455,0.303477,-0.104041,-0.0204385,-0.434739,0.0638223,0.116161,-0.118913,-0.137237,-0.0747739,0.184018,-0.0476902,0.0330194
1.91,0.10794,0.0606914,0.0661312,0.593518,1.00975,-0.003216,0.301373,-0.0956112,-0.0219441,-0.439059,0.0568671,0.119892,-0.145591,-0.160188,-0.085924,0.175571,-0.0536834,0.0392088
1.92,0.112041,0.0567544,0.074789,0.595865,1.01081,-0.00226763,0.29821,-0.0909966,-0.0188521,-0.442207,0.0463961,0.118594,-0.175413,-0.186716,-0.0956218,0.16507,-0.058309,0.0431147
1.93,0.122944,0.0495818,0.0775854,0.598701,1.01126,-0.000577789,0.302318,-0.077881,-0.020721,-0.433799,0.0356911,0.10323,-0.240588,-0.255511,-0.072977,0.180293,-0.0953884,0.0620984
1.94,0.12253,0.0455731,0.0782847,0.601443,1.01259,0.000818271,0.297795,-0.0719462,-0.00802482,-0.432298,0.0288475,0.111534,-0.25691,-0.278245,-0.0848973,0.160532,-0.0889247,0.0737941
1.95,0.127617,0.0434525,0.0779042,0.603861,1.01433,0.00213575,0.289828,-0.066935,-0.00517219,-0.42726,0.0249138,0.11137,-0.277799,-0.316794,-0.0896083,0.132085,-0.0911474,0.0826767
1.96,0.136282,0.0444596,0.0817525,0.605655,1.01618,0.00330032,0.278064,-0.0657618,-0.00216019,-0.41744,0.0216816,0.106043,-0.301094,-0.370314,-0.0885375,0.101554,-0.0955871,0.0910725
1.97,0.133634,0.0438265,0.0922899,0.605858,1.01425,0.00498438,0.288088,-0.0628012,-0.0060402,-0.35861,0.00934822,0.0716731,-0.345875,-0.504034,-0.0592624,0.13671,-0.118069,0.153367
1.98,0.136455,0.0393873,0.0960859,0.608213,1.01632,0.00648077,0.277358,-0.0562114,-0.00014562,-0.341024,-0.00256953,0.0629459,-0.360176,-0.552036,-0.0637343,0.0776391,-0.112698,0.166007
1.99,0.142625,0.0387621,0.0939291,0.609857,1.01787,0.00820266,0.262061,-0.0519896,-0.000290074,-0.319216,-0.00766733,0.0507172,-0.370631,-0.615079,-0.0563038,0.0281954,-0.112984,0.173842
2,0.148024,0.0367387,0.0933507,0.610949,1.01915,0.00952926,0.247715,-0.0468684,-0.000240305,-0.293474,-0.0146598,0.0377714,-0.380923,-0.679949,-0.0454024,-0.0173364,-0.112802,0.177874
2.01,0.152496,0.0331658,0.0911994,0.611511,1.0201,0.0114822,0.234835,-0.0392656,-0.000351492,-0.264313,-0.0239297,0.0249409,-0.389159,-0.746131,-0.0330113,-0.063788,-0.111469,0.177443
2.02,0.155044,0.0281518,0.0903605,0.612191,1.02116,0.0133054,0.22152,-0.0306105,-0.00163289,-0.23186,-0.035144,0.0128599,-0.394704,-0.81042,-0.019015,-0.110249,-0.109928,0.172129
2.03,0.154854,0.0223419,0.0922412,0.612841,1.02214,0.0157505,0.208967,-0.0206301,-0.00539469,-0.195456,-0.0499088,0.00226637,-0.397126,-0.872259,-0.00354541,-0.155187,-0.108338,0.161115
2.04,0.15385,0.0159185,0.0911097,0.613061,1.02352,0.0173019,0.196774,-0.0114185,-0.00921197,-0.159811,-0.0607204,-0.00604729,-0.396057,-0.926755,0.00860089,-0.188179,-0.105538,0.146643
2.05,0.151119,0.00983924,0.089425,0.612864,1.02469,0.0195888,0.186098,-0.00167311,-0.0123784,-0.123672,-0.0709795,-0.0128039,-0.391651,-0.976348,0.0196327,-0.209139,-0.101429,0.126759
2.06,0.150803,0.00724109,0.0876178,0.612854,1.02653,0.0213716,0.172822,0.00376065,-0.0136764,-0.0916919,-0.0764156,-0.0159731,-0.387686,-1.02027,0.0280725,-0.216992,-0.0984367,0.1095
2.07,0.15093,0.00659367,0.0862054,0.612853,1.02855,0.0226281,0.156692,0.00702834,-0.0139439,-0.0602554,-0.0784157,-0.0197519,-0.381974,-1.06088,0.0370402,-0.214278,-0.0961519,0.0928234
2.08,0.154153,0.00830091,0.0738074,0.612669,1.0312,0.0247186,0.139345,0.00809672,-0.0169676,-0.0356767,-0.0731687,-0.0230663,-0.37819,-1.09028,0.0427879,-0.209104,-0.0966439,0.0857865
2.09,0.156582,0.014162,0.0773535,0.612032,1.03335,0.0258698,0.118936,0.00450353,-0.0118227,-0.00449899,-0.0735433,-0.0309479,-0.369366,-1.12545,0.0511187,-0.19205,-0.0929888,0.0715868
2.1,0.141781,0.00151909,0.0720094,0.612226,1.03451,0.0273353,0.110509,0.0187379,-0.0126125,0.0376387,-0.0742164,-0.0193426,-0.342082,-1.15058,0.0605435,-0.145125,-0.0811272,0.033913
2.11,0.146929,0.00668461,0.0683439,0.611344,1.03689,0.0289152,0.0926234,0.0155902,-0.0132998,0.0617925,-0.0702222,-0.0245767,-0.340267,-1.17086,0.0609611,-0.139592,-0.0799275,0.0296526
2.12,0.148127,0.0115713,0.0644127,0.610359,1.03879,0.0305174,0.073091,0.0125235,-0.0122313,0.0900334,-0.0659031,-0.0306079,-0.327914,-1.18776,0.0687705,-0.122626,-0.0777103,0.0221364
2.13,0.144411,0.01325,0.0597904,0.609774,1.04054,0.0319438,0.0542327,0.0122351,-0.00811862,0.119703,-0.0603394,-0.0317144,-0.307758,-1.19455,0.077491,-0.0979818,-0.071617,0.0131301
2.14,0.148182,0.0136783,0.0562468,0.609116,1.04289,0.0337344,0.0410184,0.0142694,-0.00833913,0.137011,-0.0587998,-0.0325449,-0.312514,-1.18729,0.0771965,-0.0951983,-0.0711138,0.0127546
2.15,0.142282,0.0161108,0.0487956,0.608744,1.04325,0.0345806,0.02074,0.0119436,-0.0031562,0.168088,-0.0506051,-0.0338502,-0.282797,-1.19383,0.0900143,-0.0718805,-0.0646295,0.00692584
2.16,0.14645,0.0161936,0.0459118,0.607166,1.04484,0.0360938,0.00807477,0.013792,-0.00288257,0.185663,-0.0494742,-0.0346401,-0.286606,-1.18441,0.0894853,-0.0688806,-0.0636393,0.00654973
2.17,0.135007,0.0181429,0.0378649,0.606415,1.04558,0.0371076,-0.0121712,0.0105167,0.00664281,0.216795,-0.0419769,-0.0356417,-0.241316,-1.17069,0.0873717,-0.0478506,-0.0462947,0.00342137
2.18,0.135861,0.0166118,0.0350813,0.605536,1.04687,0.0382604,-0.0264589,0.0140904,0.00439954,0.2343,-0.0415243,-0.0372073,-0.238466,-1.14812,0.0905777,-0.0439318,-0.0458481,0.00234291
2.19,0.135164,0.0158568,0.0313506,0.604403,1.04753,0.0392786,-0.0412961,0.0158433,0.00501618,0.252905,-0.0398336,-0.0382158,-0.229162,-1.12512,0.0964972,-0.037762,-0.0436307,0.00134986
2.2,0.131625,0.0180701,0.022459,0.603063,1.04754,0.0402534,-0.0595197,0.0124218,0.0098141,0.273345,-0.033573,-0.0395219,-0.204075,-1.10198,0.0969714,-0.0301542,-0.0352011,0.000156168
2.21,0.132525,0.0163595,0.025322,0.601941,1.04779,0.040843,-0.0720546,0.0158918,0.0103145,0.288256,-0.0360492,-0.0422954,-0.203128,-1.07365,0.100794,-0.0255445,-0.0343507,-0.00247037
2.22,0.131134,0.0131585,0.0203599,0.60081,1.04773,0.0418777,-0.0847226,0.0200648,0.00928596,0.302192,-0.0377599,-0.0429943,-0.197015,-1.03686,0.109209,-0.0204733,-0.0346328,-0.00475745
2.23,0.129708,0.0108453,0.0209803,0.599347,1.04735,0.0425342,-0.0981465,0.0237861,0.0115138,0.316754,-0.0400846,-0.0453192,-0.190341,-0.996287,0.116673,-0.0155144,-0.0328318,-0.00827426
2.24,0.126836,0.00737534,0.0177882,0.598146,1.04667,0.0433264,-0.110675,0.0281238,0.0123524,0.328977,-0.0429355,-0.0465883,-0.181403,-0.951239,0.125147,-0.0117231,-0.0316786,-0.0123793
2.25,0.124626,0.00415235,0.0187918,0.596973,1.04574,0.0436503,-0.123033,0.032571,0.0145828,0.340143,-0.0464001,-0.0493585,-0.173897,-0.906793,0.131607,-0.0089396,-0.0295481,-0.0177005
2.26,0.121257,-0.00041138,0.0155728,0.596113,1.04487,0.0442877,-0.135375,0.0375686,0.015365,0.348016,-0.0507754,-0.0520755,-0.164072,-0.854813,0.139461,-0.00789684,-0.0282825,-0.024402
2.27,0.123283,0.0121283,0.0012608,0.594865,1.04606,0.0445616,-0.161567,0.0198587,0.0291483,0.336965,-0.0358959,-0.0639134,-0.132992,-0.772429,0.118427,-0.0380754,-0.0149555,-0.0529666
2.28,0.120854,0.00550208,0.00727688,0.593921,1.04346,0.044586,-0.175992,0.0292247,0.0248935,0.349425,-0.043808,-0.0713019,-0.126227,-0.726969,0.136864,-0.0291704,-0.0196658,-0.0636774
2.29,0.117821,-0.00360383,0.00765393,0.593053,1.04135,0.0450797,-0.188184,0.040071,0.0236939,0.355291,-0.0525573,-0.0730981,-0.120039,-0.670154,0.150602,-0.025781,-0.0217126,-0.0721778
2.3,0.115627,-0.011703,0.00916492,0.59271,1.03979,0.0453321,-0.200264,0.0497764,0.0266001,0.357173,-0.0597498,-0.0752828,-0.115504,-0.610652,0.15806,-0.0275247,-0.0206875,-0.0807566
2.31,0.112876,-0.0197436,-0.000671881,0.592029,1.03796,0.0457372,-0.212503,0.0560507,0.0293122,0.356037,-0.0674217,-0.078437,-0.107117,-0.547072,0.166479,-0.0311459,-0.0201894,-0.0901649
2.32,0.118024,-0.0107686,-0.0162332,0.591382,1.03862,0.0458971,-0.233329,0.0403772,0.0520067,0.327148,-0.0564778,-0.0890856,-0.0964033,-0.441695,0.148187,-0.074675,-0.010705,-0.116356
2.33,0.115224,-0.0156859,-0.00987428,0.59114,1.0351,0.045551,-0.248627,0.0477416,0.0482765,0.340981,-0.0590396,-0.0967485,-0.0886045,-0.405227,0.167568,-0.063111,-0.016187,-0.126185
2.34,0.109856,-0.0233093,-0.0127357,0.59082,1.03221,0.0458364,-0.260593,0.0553548,0.049378,0.344744,-0.0645564,-0.0920134,-0.0790547,-0.348731,0.183142,-0.053508,-0.0179011,-0.12867
2.35,0.117218,-0.0227515,-0.0187391,0.590339,1.03234,0.0459898,-0.283182,0.0519277,0.0586813,0.309147,-0.0599249,-0.0873884,-0.0709203,-0.239743,0.169294,-0.0978986,-0.0156135,-0.13759
2.36,0.114041,-0.0265667,-0.0179194,0.589902,1.02938,0.0451725,-0.295511,0.0549982,0.0605233,0.319654,-0.0606986,-0.0871343,-0.0641035,-0.209176,0.183119,-0.0810444,-0.0169445,-0.142301
2.37,0.10872,-0.0311105,-0.0253565,0.589855,1.02667,0.0450859,-0.306513,0.056419,0.0667036,0.322588,-0.0648056,-0.0746946,-0.0564722,-0.164348,0.194037,-0.0642296,-0.0153276,-0.138495
2.38,0.106079,-0.034914,-0.0238281,0.589863,1.02404,0.0449249,-0.318575,0.0602282,0.0763097,0.322714,-0.0657528,-0.0669537,-0.0540009,-0.118909,0.197672,-0.0552996,-0.0106987,-0.133854
2.39,0.11829,-0.0433653,-0.0320467,0.589616,1.02345,0.0447898,-0.347052,0.0638549,0.0839528,0.286275,-0.0746461,-0.0584852,-0.0475172,-0.0379192,0.192335,-0.0846623,-0.00946126,-0.122766
2.4,0.11859,-0.0438722,-0.0343709,0.588929,1.02181,0.0444905,-0.356696,0.0631828,0.0838118,0.296054,-0.07429,-0.0582035,-0.0519284,-0.0324555,0.192044,-0.0835902,-0.00950979,-0.122788
2.41,0.110719,-0.0437709,-0.0441261,0.59019,1.01924,0.044056,-0.36624,0.0582652,0.0848192,0.29587,-0.0762923,-0.0445944,-0.043477,-0.00374854,0.207454,-0.0607889,-0.011986,-0.118186
2.42,0.109144,-0.0440748,-0.0455708,0.589913,1.01753,0.0438889,-0.374914,0.0575837,0.0852674,0.302385,-0.0760593,-0.0437937,-0.0476276,0.000247226,0.207029,-0.0601833,-0.0116811,-0.117793
2.43,0.108053,-0.0430047,-0.0519753,0.589624,1.01534,0.0436332,-0.386763,0.052028,0.0954116,0.298547,-0.0784754,-0.017318,-0.0469552,0.0145672,0.215925,-0.0545662,-0.00772269,-0.103056
2.44,0.104402,-0.0439335,-0.0529417,0.589855,1.01366,0.0430122,-0.394128,0.0517048,0.0956146,0.30166,-0.0779544,-0.0166748,-0.0505016,0.0161984,0.215708,-0.0546195,-0.00757562,-0.102703
2.45,0.114895,-0.046131,-0.0479752,0.590089,1.01301,0.0419162,-0.414372,0.0527874,0.1057,0.291392,-0.0780077,0.00654344,-0.0586476,0.0105676,0.225413,-0.0635865,-0.0039296,-0.09046
2.46,0.114084,-0.0466948,-0.0553478,0.590558,1.01216,0.0415012,-0.422854,0.049538,0.102804,0.289276,-0.0783963,0.0109439,-0.0638951,0.00386819,0.225896,-0.0700691,-0.00594619,-0.0882663
2.47,0.119183,-0.0445427,-0.0548665,0.59075,1.01195,0.040093,-0.434393,0.044998,0.106816,0.287569,-0.0713444,0.0139855,-0.0762739,-0.0164487,0.22302,-0.0902639,-0.00392254,-0.0864522
2.48,0.122794,-0.0421187,-0.0542785,0.591887,1.012,0.038497,-0.44546,0.0402528,0.106459,0.286836,-0.0629816,0.0121276,-0.0889162,-0.0403045,0.221821,-0.111703,-0.0046856,-0.0883989
2.49,0.12532,-0.037152,-0.0533742,0.593196,1.01228,0.0369931,-0.453707,0.0335387,0.10647,0.286823,-0.052325,0.00837085,-0.103564,-0.0648273,0.217835,-0.131078,-0.00461284,-0.0922829
2.5,0.127038,-0.0298639,-0.0566686,0.59431,1.01235,0.0359259,-0.459745,0.0234296,0.104418,0.287786,-0.041403,0.00264771,-0.119135,-0.0908791,0.215268,-0.14872,-0.00527647,-0.0983706
